eq,N_train,noise_ratio,resample,repeat,train_wall_time,pred_wall_time,rel_L2_error
potential_barrier,2,0.01,1,0,206.7534921169281,0.016971111297607422,205.88540760436683
potential_barrier,55,0.01,1,0,207.91765928268433,0.01096487045288086,0.6625153561665096
potential_barrier,75,0.01,1,0,229.86288356781006,0.009979963302612305,0.6401196346943484
potential_barrier,50,0.01,1,0,248.13220024108887,0.004862546920776367,0.5923364442866301
potential_barrier,40,0.01,1,0,288.8135075569153,0.01236271858215332,0.7085615636474157
potential_barrier,4,0.01,1,0,290.9950430393219,0.006018161773681641,262.05143040668906
potential_barrier,65,0.01,1,0,303.5027015209198,0.0066869258880615234,0.5910358620088648
potential_barrier,45,0.01,1,0,321.53758120536804,0.016498804092407227,0.7061325534500353
potential_barrier,15,0.01,1,0,401.4886665344238,0.012003183364868164,9.72194296547331
potential_barrier,70,0.01,1,0,404.6572368144989,0.01198434829711914,0.6495168971412011
potential_barrier,55,0.01,1,1,224.3068287372589,0.0009338855743408203,0.5924868224923284
potential_barrier,75,0.01,1,1,236.88665628433228,0.0009665489196777344,0.6231916566435396
potential_barrier,50,0.01,1,1,307.0801603794098,0.0012555122375488281,0.6892023897941174
potential_barrier,65,0.01,1,1,296.8782060146332,0.0010271072387695312,0.6044072731633799
potential_barrier,70,0.01,1,1,213.3568332195282,0.0016832351684570312,0.6147276856120706
potential_barrier,55,0.01,1,2,223.14662194252014,0.0010192394256591797,0.6132030822038169
potential_barrier,40,0.01,1,1,399.0775158405304,0.0017609596252441406,0.754734748479861
potential_barrier,19,0.01,1,0,742.9160914421082,0.0040776729583740234,3.5909930844004427
potential_barrier,8,0.01,1,0,746.2130351066589,0.006999969482421875,41.899169279111184
potential_barrier,6,0.01,1,0,776.7855968475342,0.006264686584472656,141.18279053071424
potential_barrier,45,0.01,1,1,454.4103946685791,0.0010862350463867188,0.6831684375101309
potential_barrier,9,0.01,1,0,798.2414608001709,0.005584001541137695,41.14484559025078
potential_barrier,5,0.01,1,0,803.4517164230347,0.013759136199951172,146.7438321336014
potential_barrier,75,0.01,1,2,355.5916566848755,0.0013210773468017578,0.5963749781757918
potential_barrier,25,0.01,1,0,834.6077015399933,0.003825664520263672,1.5015912927191792
potential_barrier,20,0.01,1,0,877.0831444263458,0.010712623596191406,5.037320730713365
potential_barrier,3,0.01,1,0,913.5935907363892,0.017976045608520508,290.7416072979831
potential_barrier,65,0.01,1,2,318.75319027900696,0.0014834403991699219,0.6027113512252384
potential_barrier,70,0.01,1,2,437.9460413455963,0.0014848709106445312,0.5902336457839852
potential_barrier,7,0.01,1,0,1095.568611383438,0.00803828239440918,129.00376375258372
potential_barrier,4,0.01,1,1,805.9260427951813,0.0019059181213378906,133.22985640060037
potential_barrier,2,0.01,1,1,909.3175721168518,0.0019829273223876953,118.33650096568205
potential_barrier,75,0.01,1,3,386.07339811325073,0.0014984607696533203,0.6115873817595041
potential_barrier,55,0.01,1,3,620.2736265659332,0.0010111331939697266,0.6272797223829868
potential_barrier,11,0.01,1,0,1280.86789560318,0.009931087493896484,39.809042572282785
potential_barrier,17,0.01,1,0,1359.7545499801636,0.006013154983520508,5.668115892665701
potential_barrier,50,0.01,1,2,804.5853638648987,0.0015430450439453125,0.8167123180258357
potential_barrier,60,0.01,1,0,1380.072595357895,0.004231929779052734,0.8513544129838679
potential_barrier,10,0.01,1,0,1396.500379562378,0.0050427913665771484,26.81926280442951
potential_barrier,18,0.01,1,0,1469.6780338287354,0.010923624038696289,7.074104456425174
potential_barrier,30,0.01,1,0,1480.2196507453918,0.02486109733581543,1.6417794835321249
potential_barrier,70,0.01,1,3,530.271478176117,0.0021347999572753906,0.6167428401287309
potential_barrier,3,0.01,1,1,709.5354595184326,0.0025331974029541016,193.89604455759664
potential_barrier,55,0.01,1,4,361.7199738025665,0.0012145042419433594,0.6385083534176362
potential_barrier,5,0.01,1,1,869.4660413265228,0.0012638568878173828,176.90988649855828
potential_barrier,45,0.01,1,2,903.6048991680145,0.0014386177062988281,0.802794735345696
potential_barrier,8,0.01,1,1,994.857321023941,0.0012197494506835938,60.18485735428983
potential_barrier,12,0.01,1,0,1784.4893996715546,0.02050948143005371,12.110587023318613
potential_barrier,2,0.01,1,2,667.5694060325623,0.001985788345336914,423.65774047497115
potential_barrier,13,0.01,1,0,1798.9272389411926,0.01474618911743164,21.564986457696513
potential_barrier,60,0.01,1,1,462.8093259334564,0.0012319087982177734,0.6448979432625781
potential_barrier,45,0.01,1,3,247.0715765953064,0.0010669231414794922,0.644465218156194
potential_barrier,4,0.01,1,2,855.0670228004456,0.0016047954559326172,111.08853255983936
potential_barrier,6,0.01,1,1,1323.5637929439545,0.0016260147094726562,84.25105372263509
potential_barrier,19,0.01,1,1,1428.5177392959595,0.0011680126190185547,3.8416953076095286
potential_barrier,35,0.01,1,0,2203.2885217666626,0.018662214279174805,1.561859819008348
potential_barrier,14,0.01,1,0,2219.727591753006,0.0036792755126953125,18.19769950845446
potential_barrier,16,0.01,1,0,2265.6362915039062,0.012374162673950195,7.028116182012282
potential_barrier,45,0.01,1,4,366.1646499633789,0.001528024673461914,0.6079259475632875
potential_barrier,25,0.01,1,1,1473.3449120521545,0.000986337661743164,1.5466020876806883
potential_barrier,20,0.01,1,1,1435.6089043617249,0.0009565353393554688,5.551528644233217
potential_barrier,60,0.01,1,2,483.48002004623413,0.0016040802001953125,0.6427174756339749
potential_barrier,3,0.01,1,2,718.872555732727,0.0013194084167480469,166.83745972268494
potential_barrier,65,0.01,1,3,1429.1580154895782,0.0011327266693115234,0.7357642588915805
potential_barrier,2,0.01,1,3,570.807902097702,0.001394033432006836,107.65319867075928
potential_barrier,9,0.01,1,1,1564.0453367233276,0.0009903907775878906,17.544747097532785
potential_barrier,10,0.01,1,1,987.9785842895508,0.00133514404296875,23.852301076909928
potential_barrier,8,0.01,1,2,648.3826394081116,0.0009427070617675781,49.91983402631681
potential_barrier,7,0.01,1,1,1304.4879927635193,0.0011975765228271484,42.46403039910231
potential_barrier,70,0.01,1,4,873.1576271057129,0.0014529228210449219,0.630654845933856
potential_barrier,5,0.01,1,2,931.3990571498871,0.0022554397583007812,110.22081378379318
potential_barrier,11,0.01,1,1,1363.6628861427307,0.0010607242584228516,28.08640184154018
potential_barrier,4,0.01,1,3,706.9079959392548,0.0018053054809570312,101.31164437885329
potential_barrier,60,0.01,1,3,376.6807014942169,0.0012097358703613281,0.6255382328975283
potential_barrier,65,0.01,1,4,425.0631754398346,0.0013742446899414062,0.5970205193952747
potential_barrier,15,0.01,1,1,2449.9636182785034,0.001032114028930664,10.761173424445794
potential_barrier,2,0.01,1,4,513.7859189510345,0.0019145011901855469,257.304204961308
potential_barrier,50,0.01,1,3,1513.7813968658447,0.0010383129119873047,0.8314684286175331
potential_barrier,19,0.01,1,2,766.6701340675354,0.0009613037109375,1.652893990680786
potential_barrier,60,0.01,1,4,305.4552562236786,0.0010364055633544922,0.6398881270657231
potential_barrier,3,0.01,1,3,703.0593061447144,0.0011525154113769531,148.01313801606705
potential_barrier,6,0.01,1,2,952.4235844612122,0.0013399124145507812,76.41601229907648
potential_barrier,11,0.01,1,2,461.0661954879761,0.001127481460571289,11.079209521949199
potential_barrier,40,0.01,1,2,2466.922619342804,0.0010044574737548828,1.1471048997845432
potential_barrier,9,0.01,1,2,793.2943947315216,0.0011072158813476562,34.447803760420214
potential_barrier,8,0.01,1,3,797.7795679569244,0.001039743423461914,63.274923559687615
potential_barrier,7,0.01,1,2,816.9394633769989,0.0014259815216064453,50.025254283906285
potential_barrier,17,0.01,1,1,1904.8895771503448,0.0009970664978027344,11.463136295079801
potential_barrier,50,0.01,1,4,456.9750006198883,0.0010721683502197266,0.650413429883476
potential_barrier,4,0.01,1,4,675.1336104869843,0.0018451213836669922,144.29663001405825
potential_barrier,25,0.01,1,2,1046.1553962230682,0.0009026527404785156,1.950321505118759
potential_barrier,10,0.01,1,2,1103.078978061676,0.0009970664978027344,24.37154655999884
potential_barrier,5,0.01,1,3,903.3248574733734,0.0012505054473876953,98.72383276929149
potential_barrier,75,0.01,1,4,2328.7338783740997,0.0010085105895996094,0.7545238424647924
potential_barrier,3,0.01,1,4,543.3014271259308,0.0012814998626708984,240.99913135336607
potential_barrier,25,0.01,1,3,258.35668444633484,0.0009388923645019531,0.8852888788473623
potential_barrier,6,0.01,1,3,559.0467746257782,0.0012392997741699219,74.88070436448085
potential_barrier,19,0.01,1,3,720.7260830402374,0.0009386539459228516,5.351580880596616
potential_barrier,18,0.01,1,1,2247.051903486252,0.0009796619415283203,9.396292697157689
potential_barrier,12,0.01,1,1,1941.8041825294495,0.0018491744995117188,14.471107526907403
potential_barrier,30,0.01,1,1,2249.4629242420197,0.0008542537689208984,2.1328530825288547
potential_barrier,20,0.01,1,2,1614.5685260295868,0.0008602142333984375,3.638619896311215
potential_barrier,13,0.01,1,1,2136.9240579605103,0.0018131732940673828,12.174207682710454
potential_barrier,35,0.01,1,1,1733.0303976535797,0.0009922981262207031,1.5663751007840891
potential_barrier,30,0.01,1,2,231.1055371761322,0.0008554458618164062,0.7805764072489898
potential_barrier,7,0.01,1,3,848.9110836982727,0.0011074542999267578,84.11290691561628
potential_barrier,11,0.01,1,3,1087.0191442966461,0.0014553070068359375,23.590816315071724
potential_barrier,14,0.01,1,1,1982.9324605464935,0.001455545425415039,12.840319610867182
potential_barrier,6,0.01,1,4,634.4200747013092,0.0010688304901123047,77.93386764127722
potential_barrier,5,0.01,1,4,867.9617402553558,0.0008628368377685547,104.64201718030787
potential_barrier,8,0.01,1,4,1221.665845155716,0.001245737075805664,47.829356200111015
potential_barrier,9,0.01,1,3,1296.3770213127136,0.0010228157043457031,35.98054824277674
potential_barrier,40,0.01,1,3,1434.223066329956,0.0009391307830810547,1.119215129780791
potential_barrier,17,0.01,1,2,1474.2116067409515,0.0010275840759277344,13.889859722865477
potential_barrier,7,0.01,1,4,700.508465051651,0.0008909702301025391,63.37324686418534
potential_barrier,18,0.01,1,2,1064.5677046775818,0.0009253025054931641,2.7069045933775606
potential_barrier,16,0.01,1,1,2531.63982629776,0.0018029212951660156,11.598752868231779
potential_barrier,10,0.01,1,3,1313.3746571540833,0.0009424686431884766,38.681700402584354
potential_barrier,15,0.01,1,2,2123.12020277977,0.0016109943389892578,11.233722411382322
potential_barrier,35,0.01,1,2,1254.8749136924744,0.0009860992431640625,1.1180122807584132
potential_barrier,9,0.01,1,4,855.2628719806671,0.0009381771087646484,41.66147018755998
potential_barrier,12,0.01,1,2,1659.0343177318573,0.0013418197631835938,39.02056448625493
potential_barrier,11,0.01,1,4,1258.6402349472046,0.0008881092071533203,20.98298244114849
potential_barrier,17,0.01,1,3,876.8277585506439,0.0009717941284179688,4.294473604518849
potential_barrier,19,0.01,1,4,2017.7929995059967,0.000823974609375,6.966708868964491
potential_barrier,10,0.01,1,4,915.2560317516327,0.000804901123046875,20.329846942103558
potential_barrier,30,0.01,1,3,1803.3479058742523,0.0010535717010498047,1.5757603648540028
potential_barrier,40,0.01,1,4,1279.042460680008,0.0011126995086669922,0.9853779454036619
potential_barrier,20,0.01,1,3,1993.693459033966,0.0008485317230224609,5.014617733830099
potential_barrier,25,0.01,1,4,2334.8786578178406,0.0008912086486816406,2.48234435786794
potential_barrier,18,0.01,1,3,1323.2797198295593,0.0008208751678466797,5.880436493368302
potential_barrier,20,0.01,1,4,197.97886490821838,0.0008423328399658203,0.9331885071623056
potential_barrier,35,0.01,1,3,1240.4918985366821,0.0008461475372314453,1.0346032813005874
potential_barrier,13,0.01,1,2,2738.767898797989,0.0011682510375976562,8.648227954186606
potential_barrier,14,0.01,1,2,2515.8886473178864,0.0014095306396484375,12.286188113447697
potential_barrier,17,0.01,1,4,1359.5326173305511,0.0008466243743896484,7.86107461334754
potential_barrier,12,0.01,1,3,1752.6805098056793,0.0012679100036621094,21.457480760950716
potential_barrier,16,0.01,1,2,2463.035347223282,0.001451730728149414,9.482482990200138
potential_barrier,30,0.01,1,4,1626.5911099910736,0.0009698867797851562,1.3373869761482318
potential_barrier,15,0.01,1,3,2584.5742888450623,0.0012431144714355469,9.865805570551258
potential_barrier,18,0.01,1,4,1767.369957447052,0.0008094310760498047,6.490853841293812
potential_barrier,35,0.01,1,4,1762.594476222992,0.0007910728454589844,1.4438702934241423
potential_barrier,13,0.01,1,3,1708.4458825588226,0.0015501976013183594,10.61668156513761
potential_barrier,12,0.01,1,4,1497.2705690860748,0.0015261173248291016,18.978599192665875
potential_barrier,14,0.01,1,3,2007.4614210128784,0.0015895366668701172,13.792779909222705
potential_barrier,16,0.01,1,3,2156.6019740104675,0.0009756088256835938,10.570166468250923
potential_barrier,14,0.01,1,4,770.6489224433899,0.0012979507446289062,7.417413226013897
potential_barrier,15,0.01,1,4,2029.6820373535156,0.0009665489196777344,10.087592590235914
potential_barrier,13,0.01,1,4,1428.592612028122,0.0009984970092773438,22.156856352653513
potential_barrier,16,0.01,1,4,1310.9173166751862,0.0008051395416259766,12.099401610282465
