N_train,noise_ratio,resample,repeat,train_wall_time
2,0.0,1,0,51.527994871139526
1,0.0,1,0,60.9593403339386
3,0.0,1,0,91.39871883392334
1,0.0,1,1,37.91462016105652
7,0.0,1,0,126.98809552192688
1,0.0,1,2,32.62430691719055
2,0.0,1,1,86.13597559928894
3,0.0,1,1,65.06111407279968
1,0.0,1,3,33.05410575866699
2,0.0,1,2,60.16321158409119
1,0.0,1,4,33.688729763031006
4,0.0,1,0,205.52216362953186
5,0.0,1,0,213.87041068077087
6,0.0,1,0,214.54316592216492
17,0.0,1,0,260.2075638771057
13,0.0,1,0,268.7788608074188
2,0.0,1,3,85.98806643486023
4,0.0,1,1,80.62348484992981
8,0.0,1,0,287.2434024810791
3,0.0,1,2,148.43410277366638
75,0.0,1,0,309.3709342479706
16,0.0,1,0,334.78735542297363
15,0.0,1,0,359.67793250083923
2,0.0,1,4,81.78714275360107
14,0.0,1,0,379.20793318748474
10,0.0,1,0,381.47839426994324
7,0.0,1,1,257.79767990112305
18,0.0,1,0,394.79866099357605
4,0.0,1,2,113.79428434371948
6,0.0,1,1,205.05938076972961
3,0.0,1,3,138.93255019187927
9,0.0,1,0,446.3226544857025
12,0.0,1,0,464.79451608657837
11,0.0,1,0,474.59558868408203
5,0.0,1,1,262.331738948822
70,0.0,1,0,526.8235776424408
5,0.0,1,2,68.32654643058777
60,0.0,1,0,567.5745856761932
55,0.0,1,0,587.4091761112213
3,0.0,1,4,169.70847487449646
13,0.0,1,1,363.36736392974854
17,0.0,1,1,385.6877555847168
14,0.0,1,1,279.4763922691345
65,0.0,1,0,671.7366330623627
7,0.0,1,2,291.9162588119507
15,0.0,1,1,335.09485960006714
4,0.0,1,3,296.3856678009033
16,0.0,1,1,409.6361494064331
5,0.0,1,3,203.55612587928772
18,0.0,1,1,358.3379056453705
75,0.0,1,1,448.81232595443726
6,0.0,1,2,356.163626909256
8,0.0,1,1,495.27350544929504
11,0.0,1,1,321.1652660369873
40,0.0,1,0,799.1930294036865
9,0.0,1,1,367.47910356521606
30,0.0,1,0,855.5939524173737
4,0.0,1,4,178.01436567306519
10,0.0,1,1,493.7858009338379
7,0.0,1,3,221.3701937198639
45,0.0,1,0,904.6581151485443
17,0.0,1,2,291.23134183883667
70,0.0,1,1,418.1115322113037
55,0.0,1,1,359.15083622932434
13,0.0,1,2,324.5825574398041
6,0.0,1,3,235.3048131465912
5,0.0,1,4,265.0668954849243
12,0.0,1,1,585.6426589488983
19,0.0,1,0,1066.002942085266
35,0.0,1,0,1066.9728317260742
16,0.0,1,2,330.5951805114746
14,0.0,1,2,418.1761088371277
25,0.0,1,0,1093.9377927780151
20,0.0,1,0,1133.707520723343
18,0.0,1,2,391.45026540756226
8,0.0,1,2,412.36866188049316
65,0.0,1,1,540.0353817939758
9,0.0,1,2,426.8425724506378
50,0.0,1,0,1241.1179316043854
13,0.0,1,3,291.65977907180786
7,0.0,1,4,378.8724298477173
15,0.0,1,2,611.5126385688782
6,0.0,1,4,319.7316143512726
60,0.0,1,1,786.6709425449371
10,0.0,1,2,507.3334209918976
11,0.0,1,2,635.2090382575989
75,0.0,1,2,672.9937951564789
17,0.0,1,3,499.5168011188507
14,0.0,1,3,462.3040363788605
70,0.0,1,2,596.0290324687958
16,0.0,1,3,470.9406373500824
12,0.0,1,2,544.0607707500458
8,0.0,1,3,401.80087971687317
40,0.0,1,1,801.8311505317688
55,0.0,1,2,744.1248416900635
13,0.0,1,4,457.26745891571045
18,0.0,1,3,574.9944176673889
9,0.0,1,3,503.934773683548
30,0.0,1,1,940.8602013587952
10,0.0,1,3,425.3742563724518
11,0.0,1,3,434.29350304603577
15,0.0,1,3,561.4588813781738
65,0.0,1,2,660.5518100261688
17,0.0,1,4,486.53664326667786
8,0.0,1,4,337.01840567588806
35,0.0,1,1,906.5318200588226
16,0.0,1,4,445.6419749259949
19,0.0,1,1,994.0914595127106
12,0.0,1,3,466.591504573822
75,0.0,1,3,639.4490804672241
60,0.0,1,2,735.5596420764923
9,0.0,1,4,353.8055839538574
18,0.0,1,4,380.86510014533997
25,0.0,1,1,1009.1076908111572
45,0.0,1,1,1213.1112048625946
14,0.0,1,4,615.1140186786652
50,0.0,1,1,971.7467308044434
20,0.0,1,1,1147.812259197235
15,0.0,1,4,456.8837718963623
10,0.0,1,4,523.5034742355347
12,0.0,1,4,318.0127158164978
70,0.0,1,3,861.5631947517395
55,0.0,1,3,714.0142648220062
11,0.0,1,4,560.6476480960846
65,0.0,1,3,667.5844914913177
40,0.0,1,2,1090.1612691879272
75,0.0,1,4,814.6745820045471
30,0.0,1,2,1107.4012069702148
60,0.0,1,3,857.6779541969299
70,0.0,1,4,692.583836555481
45,0.0,1,2,987.9367260932922
55,0.0,1,4,722.454127073288
19,0.0,1,2,1071.091984987259
35,0.0,1,2,1158.8216607570648
65,0.0,1,4,652.0574254989624
20,0.0,1,2,913.5701599121094
50,0.0,1,2,1052.6842336654663
60,0.0,1,4,359.5388398170471
25,0.0,1,2,1285.015943288803
30,0.0,1,3,1007.6452062129974
35,0.0,1,3,888.6968793869019
40,0.0,1,3,1378.7087614536285
20,0.0,1,3,891.8955085277557
50,0.0,1,3,1012.7326242923737
45,0.0,1,3,1179.8243353366852
19,0.0,1,3,1165.2396402359009
25,0.0,1,3,1130.0842680931091
30,0.0,1,4,1059.0941874980927
45,0.0,1,4,884.8247487545013
20,0.0,1,4,1099.6958796977997
35,0.0,1,4,1207.5245442390442
19,0.0,1,4,934.7536087036133
40,0.0,1,4,1187.8205139636993
50,0.0,1,4,1067.2866024971008
25,0.0,1,4,897.6500113010406
